leaf_category,products,strict_precision_at_10,family_precision_at_10,context_precision_at_10,strict_hit_at_10,graded_ndcg_at_10
Barstools,34,0.8352941176470587,0.8382352941176471,0.8470588235294118,1.0,0.8518013119965587
Chairs,54,0.7203703703703703,0.8277777777777778,0.8351851851851853,1.0,0.7888060489372962
Mattresses,11,0.6636363636363636,0.8272727272727273,1.0,1.0,0.7816247147955434
Table & Chair Sets,16,0.6625,0.78125,0.7875,1.0,0.7665537538592385
Home Office Desk Chairs,11,0.6454545454545454,0.6454545454545454,0.6636363636363636,1.0,0.7115587464473367
Home Office Desks,21,0.6285714285714286,0.6333333333333334,0.6476190476190476,1.0,0.6725581495526692
TV & Media Furniture,13,0.5769230769230769,0.5923076923076922,0.8307692307692308,1.0,0.6830428845348866
Bed Frames,12,0.4666666666666666,0.8416666666666667,0.9583333333333334,1.0,0.680991364432527
Beds,23,0.4652173913043478,0.7043478260869565,0.8,0.9565217391304348,0.6067027016383889
Sofas & Couches,18,0.43333333333333335,0.8111111111111111,0.9222222222222223,1.0,0.6203123818064608
Room Dividers,7,0.39999999999999997,0.42857142857142855,0.4857142857142857,1.0,0.6319666446753985
Computer Gaming Chairs,5,0.38,0.6799999999999999,0.6799999999999999,1.0,0.7221502072091804
Dressers,10,0.38,0.5900000000000001,0.64,1.0,0.5896713191834093
End Tables,30,0.3766666666666667,0.5533333333333333,0.59,0.9666666666666667,0.4642258421182444
Ottomans,15,0.3733333333333333,0.5266666666666666,0.5866666666666667,0.9333333333333333,0.468155119227252
Nightstands,10,0.31,0.38,0.41,0.8,0.39332245988175707
Bean Bags,7,0.3,0.34285714285714286,0.6,0.7142857142857143,0.5723996727134615
Television Stands & Entertainment Centers,7,0.2857142857142857,0.2857142857142857,0.8142857142857143,0.8571428571428571,0.5551218894607496
Sofa & Console Tables,12,0.2833333333333333,0.6,0.6416666666666667,1.0,0.47444256518521516
Bedroom Sets,5,0.24,0.38,0.78,1.0,0.5618399215690645
Bar & Serving Carts,4,0.225,0.25,0.3,1.0,0.38428096619677043
DVD Cases,5,0.22000000000000003,0.22000000000000003,0.45999999999999996,1.0,0.5889141875841701
Coffee Tables,16,0.20625,0.5,0.61875,0.875,0.3765165537206974
Poufs,4,0.2,0.625,0.8500000000000001,1.0,0.6118932896387759
Vanities & Vanity Benches,8,0.2,0.325,0.425,0.625,0.3798736240640369
Folding Tables,5,0.2,0.2,0.4,0.8,0.5032250224237896
Living Room Sets,6,0.19999999999999998,0.8333333333333334,0.9500000000000001,1.0,0.6453833464980959
Tables,10,0.18,0.35,0.35,0.9,0.27181049836410787
Storage Cabinets,6,0.15,0.15,0.15,0.8333333333333334,0.22095763814521363
Hall Trees,3,0.13333333333333333,0.2333333333333333,0.2333333333333333,1.0,0.4197573680735349
Wine Cabinets,3,0.13333333333333333,0.13333333333333333,0.26666666666666666,1.0,0.4746148935166452
Bookcases,9,0.13333333333333333,0.15555555555555556,0.15555555555555556,0.7777777777777778,0.20198472534120185
Chaise Lounges,3,0.13333333333333333,0.9,0.9,1.0,0.8186007057681425
Headboards,4,0.125,0.125,0.85,1.0,0.47511039064683186
Video Game Chairs,8,0.1125,0.39999999999999997,0.46249999999999997,0.75,0.3068834664665711
Futon Sets,3,0.10000000000000002,0.10000000000000002,0.9,1.0,0.5029591951183631
Recliner Parts,3,0.10000000000000002,0.10000000000000002,0.16666666666666666,0.6666666666666666,0.5110659316004575
Ladder Shelves,2,0.1,0.15000000000000002,0.3,1.0,0.4517683581667038
Bar Tables,2,0.1,0.1,0.3,1.0,0.5682770307405609
Mattress & Box Spring Sets,2,0.1,0.6000000000000001,1.0,1.0,0.7323987743543492
Mobile Storage Islands,2,0.1,0.1,0.2,1.0,0.9138778446351128
Furniture,13,0.07692307692307693,0.07692307692307693,0.07692307692307693,0.5384615384615384,0.06773514830669919
Coat Racks,4,0.07500000000000001,0.2,0.2,0.75,0.16543703517170277
Storage Benches,3,0.06666666666666667,0.06666666666666667,0.06666666666666667,0.6666666666666666,0.07951144923813924
Storage Trunks,3,0.06666666666666667,0.06666666666666667,0.16666666666666666,0.3333333333333333,0.16333190466092887
Replacement Parts,2,0.05,0.05,0.2,0.5,0.14551141338466977
TV Trays,3,0.03333333333333333,0.03333333333333333,0.19999999999999998,0.3333333333333333,0.11006410344134536
Kids' Furniture,7,0.028571428571428574,0.028571428571428574,0.12857142857142856,0.2857142857142857,0.04741719463458032
Gliders,1,0.0,0.0,0.0,0.0,0.0
Storage Islands & Carts,1,0.0,0.0,0.2,0.0,0.49818925746641285
Bedroom Furniture,1,0.0,0.0,0.1,0.0,0.03668196104968003
Table Benches,2,0.0,0.15000000000000002,0.15000000000000002,0.0,0.11118523513955443
Bedroom Armoires,1,0.0,0.4,0.4,0.0,0.5637884576902256
Standing Baker's Racks,1,0.0,0.0,0.0,0.0,0.0
"Bed Frames, Headboards & Footboards",1,0.0,0.0,0.1,0.0,0.02990293217558018
Bars & Wine Cabinets,1,0.0,0.0,0.2,0.0,0.057728877782742036
Toy Bags & Nets,1,0.0,0.0,0.1,0.0,0.02990293217558018
Glass Display Cabinets,1,0.0,0.1,0.1,0.0,0.11004588314904008
Stools,2,0.0,0.05,0.1,0.0,0.04052564590545687
Box Springs,1,0.0,0.5,1.0,0.0,0.7390788259162827
"Bookcases, Cabinets & Shelves",1,0.0,0.0,0.0,0.0,0.0
Sofas,1,0.0,0.0,0.2,0.0,0.15517072358725295
Folding Stools,1,0.0,0.0,0.7,0.0,0.31582330552718546
Buffets & Sideboards,3,0.0,0.06666666666666667,0.06666666666666667,0.0,0.04617734565588788
Game Tables,1,0.0,0.0,0.0,0.0,0.0
Futon Frames,1,0.0,0.1,0.6,0.0,0.5832698297571618
Pedestal Tables,1,0.0,0.0,0.1,0.0,0.022084741151463014
Desk Chairs,1,0.0,0.1,0.4,0.0,0.2514704371789787
Nesting Tables,2,0.0,0.65,0.75,0.0,0.5261759428270213
Media Storage,2,0.0,0.0,0.35,0.0,0.11961942925244565
Directors Chairs,1,0.0,0.1,0.5,0.0,0.31773390930552037
Living Room Table Sets,2,0.0,0.5,0.6000000000000001,0.0,0.46844688295821213
Folding Chairs,1,0.0,0.2,0.4,0.0,0.32129533338325383
Home Office Furniture,2,0.0,0.0,0.0,0.0,0.0
Armchairs,2,0.0,0.0,0.05,0.0,0.010131411476364217
